<?xml version="1.0" encoding="UTF-8"?>
<UMLProfile profiletype="uml2">
	<Documentation id="62E4EA94-B" name="Grunddata" version="1.0" alias="Grunddata" notes="Grunddata"/>
	<Content>
		<Stereotypes>
			<Stereotype name="Pakkediagram" notes="Et Grunddata-pakkediagram" bgcolor="-1" fontcolor="-1" bordercolor="-1" borderwidth="-1" hideicon="0">
				<AppliesTo>
					<Apply type="Diagram_Package">
						<Property name="alias" value="Pakkediagram"/>
						<Property name="diagramID" value="Pakkediagram"/>
						<Property name="toolbox" value="Pakkediagram"/>
					</Apply>
				</AppliesTo>
			</Stereotype>
			<Stereotype name="Klassediagram med stereotyper" notes="Et simpelt Grunddata-klassediagram hvor dokumentation er skjult" bgcolor="-1" fontcolor="-1" bordercolor="-1" borderwidth="-1" hideicon="0">
				<AppliesTo>
					<Apply type="Diagram_Logical">
						<Property name="alias" value="Klassediagram"/>
						<Property name="diagramID" value="Klassediagram"/>
						<Property name="pdata" value="HideEStereo=0;HideStereo=0;ShowIcons=1;ShowTags=0;ShowCons=0;"/>
						<Property name="toolbox" value="Klassediagram"/>
						<Property name="styleex" value="HideQuals=1;ShowNotes=0;TConnectorNotation=UML 2.1;VisibleAttributeDetail=0;"/>
					</Apply>
				</AppliesTo>
			</Stereotype>
			<Stereotype name="Klassediagram med dokumentation" notes="Et Grunddata-klassediagram, hvor dokumentation og attribut-stereotyper vises" bgcolor="-1" fontcolor="-1" bordercolor="-1" borderwidth="-1" hideicon="0">
				<AppliesTo>
					<Apply type="Diagram_Logical">
						<Property name="alias" value="Klassediagram"/>
						<Property name="diagramID" value="Klassediagram"/>
						<Property name="pdata" value="HideEStereo=0;HideStereo=0;ShowIcons=1;ShowTags=1;ShowCons=0;"/>
						<Property name="styleex" value="HideQuals=1;ShowNotes=1;TConnectorNotation=UML 2.1;VisibleAttributeDetail=0;"/>
						<Property name="toolbox" value="Klassediagram"/>
					</Apply>
				</AppliesTo>
			</Stereotype>
			<Stereotype name="Klassediagram uden noget" notes="Klassediagram hvor både tagged values og alle stereotyper er skjult - det helt clean look..." bgcolor="-1" fontcolor="-1" bordercolor="-1" borderwidth="-1" hideicon="0">
				<AppliesTo>
					<Apply type="Diagram_Logical ">
						<Property name="alias" value="Klassediagram"/>
						<Property name="diagramID" value="Klassediagram"/>
						<Property name="pdata" value="HideEStereo=1;HideStereo=1;ShowIcons=0;ShowTags=0;ShowCons=0;"/>
						<Property name="styleex" value="HideQuals=1;ShowNotes=1;TConnectorNotation=UML 2.1;VisibleAttributeDetail=0;"/>
						<Property name="toolbox" value="Klassediagram"/>
					</Apply>
				</AppliesTo>
			</Stereotype>
		</Stereotypes>
		<TaggedValueTypes/>
	</Content>
</UMLProfile>
